number,value,datetime_start,datetime_complete,duration,params_colsample_bytree,params_learning_rate,params_min_child_samples,params_n_estimators,params_num_leaves,params_reg_lambda,system_attrs_tpe:relative_params:0,state
0,0.30277498199933506,2026-10-06 23:28:22.711428,2026-10-06 23:30:22.822524,0 days 00:02:00.111096,0.5780093202212182,0.17254716573280354,540,236,118,0.0060252157362038605,,COMPLETE
1,0.3098862715629622,2026-10-06 23:30:22.830226,2026-10-06 23:31:35.426005,0 days 00:01:12.595779,0.5102922471479012,0.13394334706750485,990,114,81,70.72114131472235,,COMPLETE
2,0.3129061292731692,2026-10-06 23:31:35.437754,2026-10-06 23:35:53.956206,0 days 00:04:18.518452,0.6521211214797689,0.018891200276189388,54,680,24,0.4205156450913872,,COMPLETE
3,0.313824282891516,2026-10-06 23:35:53.965457,2026-10-06 23:38:42.560588,0 days 00:02:48.595131,0.6460723242676091,0.023927528765580644,42,270,84,0.06789053271698488,,COMPLETE
4,0.31141151112305077,2026-10-06 23:38:42.576237,2026-10-06 23:40:29.456515,0 days 00:01:46.880278,0.7962072844310213,0.10508421338691762,338,285,26,0.0017070728830306638,,COMPLETE
5,0.3001845071100808,2026-10-06 23:40:29.466316,2026-10-06 23:43:44.990186,0 days 00:03:15.523870,0.9828160165372797,0.016666983286066417,3766,404,17,11.015056790269638,,COMPLETE
6,0.3023365427940923,2026-10-06 23:43:45.000891,2026-10-06 23:46:06.016396,0 days 00:02:21.015505,0.5610191174223894,0.013399060561509796,224,201,103,0.2991469302130217,,COMPLETE
7,0.3103803877242177,2026-10-06 23:46:06.033961,2026-10-06 23:47:03.119288,0 days 00:00:57.085327,0.6558555380447055,0.15242391728466367,769,108,30,0.39841905944346884,,COMPLETE
8,0.30910232616993405,2026-10-06 23:47:03.130521,2026-10-06 23:53:37.027757,0 days 00:06:33.897236,0.9697494707820946,0.017398074711291726,1437,351,234,29.79454462591363,,COMPLETE
9,0.30919802400750884,2026-10-06 23:53:37.042952,2026-10-06 23:55:25.706677,0 days 00:01:48.663725,0.522613644455269,0.15826541904647565,58,396,19,0.04233032996527596,,COMPLETE
10,0.31443435995630653,2026-10-06 23:55:25.717649,2026-10-06 23:58:38.277991,0 days 00:03:12.560342,0.7072326606135027,0.044354865903284996,20,314,147,0.02299671948262833,"{""colsample_bytree"": 0.7072326606135027, ""learning_rate"": 0.044354865903284996, ""min_child_samples"": 20, ""n_estimators"": 314, ""num_leaves"": 147, ""reg_lambda"": 0.02299671948262833}",COMPLETE
11,0.312956449018858,2026-10-06 23:58:38.302113,2026-10-07 00:01:32.367867,0 days 00:02:54.065754,0.7847187902064723,0.05931669448494229,20,258,191,0.02136224053745586,"{""colsample_bytree"": 0.7847187902064723, ""learning_rate"": 0.05931669448494229, ""min_child_samples"": 20, ""n_estimators"": 258, ""num_leaves"": 191, ""reg_lambda"": 0.02136224053745586}",COMPLETE
12,0.30740032261435224,2026-10-07 00:01:32.382044,2026-10-07 00:03:10.116866,0 days 00:01:37.734822,0.7010349991172126,0.029468976075473666,35,152,43,0.028353125401935794,"{""colsample_bytree"": 0.7010349991172126, ""learning_rate"": 0.029468976075473666, ""min_child_samples"": 35, ""n_estimators"": 152, ""num_leaves"": 43, ""reg_lambda"": 0.028353125401935794}",COMPLETE
13,0.3145303675818141,2026-10-07 00:03:10.131599,2026-10-07 00:07:26.517610,0 days 00:04:16.386011,0.6275323850572314,0.019382373568585423,77,482,66,0.06934168370185348,"{""colsample_bytree"": 0.6275323850572314, ""learning_rate"": 0.019382373568585423, ""min_child_samples"": 77, ""n_estimators"": 482, ""num_leaves"": 66, ""reg_lambda"": 0.06934168370185348}",COMPLETE
14,0.3152351959471029,2026-10-07 00:07:26.532780,2026-10-07 00:13:28.698144,0 days 00:06:02.165364,0.6712579968688783,0.015534801568606425,39,615,105,0.04982969438610331,"{""colsample_bytree"": 0.6712579968688783, ""learning_rate"": 0.015534801568606425, ""min_child_samples"": 39, ""n_estimators"": 615, ""num_leaves"": 105, ""reg_lambda"": 0.04982969438610331}",COMPLETE
15,0.31530126746119747,2026-10-07 00:13:28.712531,2026-10-07 00:21:43.468723,0 days 00:08:14.756192,0.7012557994720419,0.014237439234571098,54,879,113,0.06531793697147535,"{""colsample_bytree"": 0.7012557994720419, ""learning_rate"": 0.014237439234571098, ""min_child_samples"": 54, ""n_estimators"": 879, ""num_leaves"": 113, ""reg_lambda"": 0.06531793697147535}",COMPLETE
16,0.3162991294127223,2026-10-07 00:21:43.482825,2026-10-07 00:31:36.909992,0 days 00:09:53.427167,0.5201068463749413,0.01025674056791372,35,963,190,0.01957113058068085,"{""colsample_bytree"": 0.5201068463749413, ""learning_rate"": 0.01025674056791372, ""min_child_samples"": 35, ""n_estimators"": 963, ""num_leaves"": 190, ""reg_lambda"": 0.01957113058068085}",COMPLETE
17,0.3150382972415303,2026-10-07 00:31:36.929159,2026-10-07 00:42:12.394323,0 days 00:10:35.465164,0.7258297068328216,0.015082530327475412,26,990,236,0.012339546646539733,"{""colsample_bytree"": 0.7258297068328216, ""learning_rate"": 0.015082530327475412, ""min_child_samples"": 26, ""n_estimators"": 990, ""num_leaves"": 236, ""reg_lambda"": 0.012339546646539733}",COMPLETE
18,0.3147388527236572,2026-10-07 00:42:12.402884,2026-10-07 00:48:55.092419,0 days 00:06:42.689535,0.5637728573532639,0.02680286441840484,67,949,127,0.012676524829183891,"{""colsample_bytree"": 0.5637728573532639, ""learning_rate"": 0.02680286441840484, ""min_child_samples"": 67, ""n_estimators"": 949, ""num_leaves"": 127, ""reg_lambda"": 0.012676524829183891}",COMPLETE
19,0.3146466048539842,2026-10-07 00:48:55.102891,2026-10-07 00:56:53.389300,0 days 00:07:58.286409,0.7921469090425761,0.02013593915684839,42,787,179,0.31919929652921414,"{""colsample_bytree"": 0.7921469090425761, ""learning_rate"": 0.02013593915684839, ""min_child_samples"": 42, ""n_estimators"": 787, ""num_leaves"": 179, ""reg_lambda"": 0.31919929652921414}",COMPLETE
20,0.3155286543814515,2026-10-07 00:56:53.399640,2026-10-07 01:06:33.236558,0 days 00:09:39.836918,0.6209316926643142,0.01015814940843335,76,799,234,0.012223593951601438,"{""colsample_bytree"": 0.6209316926643142, ""learning_rate"": 0.01015814940843335, ""min_child_samples"": 76, ""n_estimators"": 799, ""num_leaves"": 234, ""reg_lambda"": 0.012223593951601438}",COMPLETE
21,0.3147884929784185,2026-10-07 01:06:33.247641,2026-10-07 01:13:41.463037,0 days 00:07:08.215396,0.5875207453141641,0.010277977232337874,52,557,239,0.008194431848060594,"{""colsample_bytree"": 0.5875207453141641, ""learning_rate"": 0.010277977232337874, ""min_child_samples"": 52, ""n_estimators"": 557, ""num_leaves"": 239, ""reg_lambda"": 0.008194431848060594}",COMPLETE
22,0.3154575823212553,2026-10-07 01:13:41.477187,2026-10-07 01:22:11.610123,0 days 00:08:30.132936,0.583638751182055,0.011737199998822946,63,886,147,0.06901400889851557,"{""colsample_bytree"": 0.583638751182055, ""learning_rate"": 0.011737199998822946, ""min_child_samples"": 63, ""n_estimators"": 886, ""num_leaves"": 147, ""reg_lambda"": 0.06901400889851557}",COMPLETE
23,0.3146512042101284,2026-10-07 01:22:11.619131,2026-10-07 01:30:02.354905,0 days 00:07:50.735774,0.5682419742328697,0.019422811540888266,149,870,194,0.12863952501595402,"{""colsample_bytree"": 0.5682419742328697, ""learning_rate"": 0.019422811540888266, ""min_child_samples"": 149, ""n_estimators"": 870, ""num_leaves"": 194, ""reg_lambda"": 0.12863952501595402}",COMPLETE
24,0.3155708969537888,2026-10-07 01:30:02.363393,2026-10-07 01:37:11.900243,0 days 00:07:09.536850,0.5552698402205384,0.015203467475615915,59,788,149,0.0018816798514241179,"{""colsample_bytree"": 0.5552698402205384, ""learning_rate"": 0.015203467475615915, ""min_child_samples"": 59, ""n_estimators"": 788, ""num_leaves"": 149, ""reg_lambda"": 0.0018816798514241179}",COMPLETE
25,0.3161130430964235,2026-10-07 01:37:11.912419,2026-10-07 01:45:20.168197,0 days 00:08:08.255778,0.5744825277534301,0.013585952479209996,40,970,127,0.003312240153943884,"{""colsample_bytree"": 0.5744825277534301, ""learning_rate"": 0.013585952479209996, ""min_child_samples"": 40, ""n_estimators"": 970, ""num_leaves"": 127, ""reg_lambda"": 0.003312240153943884}",COMPLETE
26,0.3161247469364903,2026-10-07 01:45:20.181533,2026-10-07 01:54:22.086360,0 days 00:09:01.904827,0.5058960813230953,0.01171671864465013,34,989,168,0.004720466815360908,"{""colsample_bytree"": 0.5058960813230953, ""learning_rate"": 0.01171671864465013, ""min_child_samples"": 34, ""n_estimators"": 989, ""num_leaves"": 168, ""reg_lambda"": 0.004720466815360908}",COMPLETE
27,0.3160709931669181,2026-10-07 01:54:22.100874,2026-10-07 02:03:58.458758,0 days 00:09:36.357884,0.5557142867827228,0.01001385651303725,27,892,202,0.0010675932401296702,"{""colsample_bytree"": 0.5557142867827228, ""learning_rate"": 0.01001385651303725, ""min_child_samples"": 27, ""n_estimators"": 892, ""num_leaves"": 202, ""reg_lambda"": 0.0010675932401296702}",COMPLETE
28,0.3152069113302022,2026-10-07 02:03:58.468965,2026-10-07 02:09:17.623055,0 days 00:05:19.154090,0.5573940869096443,0.013444916369591425,25,577,98,0.005515935542961348,"{""colsample_bytree"": 0.5573940869096443, ""learning_rate"": 0.013444916369591425, ""min_child_samples"": 25, ""n_estimators"": 577, ""num_leaves"": 98, ""reg_lambda"": 0.005515935542961348}",COMPLETE
29,0.31551851656924146,2026-10-07 02:09:17.631862,2026-10-07 02:16:06.960461,0 days 00:06:49.328599,0.5578289044363842,0.01370398316102846,144,651,172,0.004696584701514821,"{""colsample_bytree"": 0.5578289044363842, ""learning_rate"": 0.01370398316102846, ""min_child_samples"": 144, ""n_estimators"": 651, ""num_leaves"": 172, ""reg_lambda"": 0.004696584701514821}",COMPLETE
30,0.315557770477349,2026-10-07 02:16:06.974008,2026-10-07 02:22:57.322558,0 days 00:06:50.348550,0.5322446204778315,0.014621915176757472,86,834,106,0.5350980710074301,"{""colsample_bytree"": 0.5322446204778315, ""learning_rate"": 0.014621915176757472, ""min_child_samples"": 86, ""n_estimators"": 834, ""num_leaves"": 106, ""reg_lambda"": 0.5350980710074301}",COMPLETE
31,0.31502727947866305,2026-10-07 02:22:57.333204,2026-10-07 02:31:39.436288,0 days 00:08:42.103084,0.6360662671624197,0.015110764321024555,107,954,152,0.0012961936128859477,"{""colsample_bytree"": 0.6360662671624197, ""learning_rate"": 0.015110764321024555, ""min_child_samples"": 107, ""n_estimators"": 954, ""num_leaves"": 152, ""reg_lambda"": 0.0012961936128859477}",COMPLETE
32,0.3155165436541725,2026-10-07 02:31:39.446108,2026-10-07 02:38:38.996352,0 days 00:06:59.550244,0.5131848766554972,0.015152862791875853,23,799,150,0.0026485639016576605,"{""colsample_bytree"": 0.5131848766554972, ""learning_rate"": 0.015152862791875853, ""min_child_samples"": 23, ""n_estimators"": 799, ""num_leaves"": 150, ""reg_lambda"": 0.0026485639016576605}",COMPLETE
33,0.31568935540341636,2026-10-07 02:38:39.023227,2026-10-07 02:45:07.126708,0 days 00:06:28.103481,0.6472979119808187,0.01647048221903758,20,652,154,0.01631458661598014,"{""colsample_bytree"": 0.6472979119808187, ""learning_rate"": 0.01647048221903758, ""min_child_samples"": 20, ""n_estimators"": 652, ""num_leaves"": 154, ""reg_lambda"": 0.01631458661598014}",COMPLETE
34,0.3153963592035821,2026-10-07 02:45:07.140785,2026-10-07 02:53:52.325353,0 days 00:08:45.184568,0.5952305354928186,0.010176238236444219,111,687,253,0.0015902826319969007,"{""colsample_bytree"": 0.5952305354928186, ""learning_rate"": 0.010176238236444219, ""min_child_samples"": 111, ""n_estimators"": 687, ""num_leaves"": 253, ""reg_lambda"": 0.0015902826319969007}",COMPLETE
35,0.3152557065782444,2026-10-07 02:53:52.341472,2026-10-07 03:02:29.743552,0 days 00:08:37.402080,0.6312513119975096,0.015928989383494123,45,983,149,0.010043627674856939,"{""colsample_bytree"": 0.6312513119975096, ""learning_rate"": 0.015928989383494123, ""min_child_samples"": 45, ""n_estimators"": 983, ""num_leaves"": 149, ""reg_lambda"": 0.010043627674856939}",COMPLETE
36,0.31574904007248816,2026-10-07 03:02:29.753915,2026-10-07 03:09:57.089325,0 days 00:07:27.335410,0.5404881889373899,0.010811870200168583,54,761,138,0.011662604639799623,"{""colsample_bytree"": 0.5404881889373899, ""learning_rate"": 0.010811870200168583, ""min_child_samples"": 54, ""n_estimators"": 761, ""num_leaves"": 138, ""reg_lambda"": 0.011662604639799623}",COMPLETE
37,0.316084573158672,2026-10-07 03:09:57.105033,2026-10-07 03:19:29.878917,0 days 00:09:32.773884,0.5062507498335825,0.010890056607482056,22,976,196,0.008905758291673149,"{""colsample_bytree"": 0.5062507498335825, ""learning_rate"": 0.010890056607482056, ""min_child_samples"": 22, ""n_estimators"": 976, ""num_leaves"": 196, ""reg_lambda"": 0.008905758291673149}",COMPLETE
38,0.3160793802663956,2026-10-07 03:19:29.892777,2026-10-07 03:28:54.388413,0 days 00:09:24.495636,0.5068316308770262,0.012594330209797803,34,911,244,0.04267208554341176,"{""colsample_bytree"": 0.5068316308770262, ""learning_rate"": 0.012594330209797803, ""min_child_samples"": 34, ""n_estimators"": 911, ""num_leaves"": 244, ""reg_lambda"": 0.04267208554341176}",COMPLETE
39,0.31560747500090625,2026-10-07 03:28:54.401832,2026-10-07 03:34:27.719318,0 days 00:05:33.317486,0.5217292025256104,0.015377664830853063,25,569,154,0.018789736762259576,"{""colsample_bytree"": 0.5217292025256104, ""learning_rate"": 0.015377664830853063, ""min_child_samples"": 25, ""n_estimators"": 569, ""num_leaves"": 154, ""reg_lambda"": 0.018789736762259576}",COMPLETE
40,0.3156390303693697,2026-10-07 03:34:27.733870,2026-10-07 03:43:48.573768,0 days 00:09:20.839898,0.5082687947330811,0.012836907094855902,36,956,221,0.003710430919982848,"{""colsample_bytree"": 0.5082687947330811, ""learning_rate"": 0.012836907094855902, ""min_child_samples"": 36, ""n_estimators"": 956, ""num_leaves"": 221, ""reg_lambda"": 0.003710430919982848}",COMPLETE
41,0.3161762297149162,2026-10-07 03:43:48.586015,2026-10-07 03:53:20.296826,0 days 00:09:31.710811,0.5361218259764103,0.010349550924773543,21,841,243,0.010698877534059802,"{""colsample_bytree"": 0.5361218259764103, ""learning_rate"": 0.010349550924773543, ""min_child_samples"": 21, ""n_estimators"": 841, ""num_leaves"": 243, ""reg_lambda"": 0.010698877534059802}",COMPLETE
42,0.3151250942955266,2026-10-07 03:53:20.312490,2026-10-07 04:01:21.664003,0 days 00:08:01.351513,0.538017753569137,0.01930802434268198,28,860,239,0.002058349533583886,"{""colsample_bytree"": 0.538017753569137, ""learning_rate"": 0.01930802434268198, ""min_child_samples"": 28, ""n_estimators"": 860, ""num_leaves"": 239, ""reg_lambda"": 0.002058349533583886}",COMPLETE
43,0.3159602730820019,2026-10-07 04:01:21.677465,2026-10-07 04:11:25.857046,0 days 00:10:04.179581,0.5766347062029538,0.01079741480095954,28,984,203,0.033443192740750916,"{""colsample_bytree"": 0.5766347062029538, ""learning_rate"": 0.01079741480095954, ""min_child_samples"": 28, ""n_estimators"": 984, ""num_leaves"": 203, ""reg_lambda"": 0.033443192740750916}",COMPLETE
44,0.31531173302694904,2026-10-07 04:11:25.872542,2026-10-07 04:19:03.583259,0 days 00:07:37.710717,0.5669911211031948,0.015580572744009251,30,732,225,0.061120194845252426,"{""colsample_bytree"": 0.5669911211031948, ""learning_rate"": 0.015580572744009251, ""min_child_samples"": 30, ""n_estimators"": 732, ""num_leaves"": 225, ""reg_lambda"": 0.061120194845252426}",COMPLETE
45,0.31553478383945555,2026-10-07 04:19:03.598589,2026-10-07 04:28:03.152269,0 days 00:08:59.553680,0.540151286431611,0.01279038521263813,54,983,174,0.01737404491674118,"{""colsample_bytree"": 0.540151286431611, ""learning_rate"": 0.01279038521263813, ""min_child_samples"": 54, ""n_estimators"": 983, ""num_leaves"": 174, ""reg_lambda"": 0.01737404491674118}",COMPLETE
46,0.31559653160193746,2026-10-07 04:28:03.166544,2026-10-07 04:35:47.647744,0 days 00:07:44.481200,0.5223636117295888,0.010303226851691015,21,876,113,0.04245504256342212,"{""colsample_bytree"": 0.5223636117295888, ""learning_rate"": 0.010303226851691015, ""min_child_samples"": 21, ""n_estimators"": 876, ""num_leaves"": 113, ""reg_lambda"": 0.04245504256342212}",COMPLETE
47,0.3155827587030319,2026-10-07 04:35:47.662609,2026-10-07 04:42:33.544479,0 days 00:06:45.881870,0.5017294772333483,0.012922741953794914,40,647,187,0.05179893177616156,"{""colsample_bytree"": 0.5017294772333483, ""learning_rate"": 0.012922741953794914, ""min_child_samples"": 40, ""n_estimators"": 647, ""num_leaves"": 187, ""reg_lambda"": 0.05179893177616156}",COMPLETE
48,0.31553859260894934,2026-10-07 04:42:33.554988,2026-10-07 06:49:37.739833,0 days 02:07:04.184845,0.504583610488271,0.01761865626025533,20,844,211,0.013254576377172846,"{""colsample_bytree"": 0.504583610488271, ""learning_rate"": 0.01761865626025533, ""min_child_samples"": 20, ""n_estimators"": 844, ""num_leaves"": 211, ""reg_lambda"": 0.013254576377172846}",COMPLETE
49,0.3150925693937605,2026-10-07 06:49:37.769413,2026-10-07 06:56:20.426838,0 days 00:06:42.657425,0.5131020138791703,0.010657391323830371,31,610,194,0.0028679271271374583,"{""colsample_bytree"": 0.5131020138791703, ""learning_rate"": 0.010657391323830371, ""min_child_samples"": 31, ""n_estimators"": 610, ""num_leaves"": 194, ""reg_lambda"": 0.0028679271271374583}",COMPLETE
50,0.31576053890259326,2026-10-07 06:56:20.439481,2026-10-07 07:04:40.731969,0 days 00:08:20.292488,0.5277652035867791,0.013544484414005749,23,990,144,0.006830852555649251,"{""colsample_bytree"": 0.5277652035867791, ""learning_rate"": 0.013544484414005749, ""min_child_samples"": 23, ""n_estimators"": 990, ""num_leaves"": 144, ""reg_lambda"": 0.006830852555649251}",COMPLETE
51,0.31591629068772775,2026-10-07 07:04:40.748910,2026-10-07 07:13:57.472998,0 days 00:09:16.724088,0.5118416625327571,0.012035245874271227,20,876,253,0.01285657877666946,"{""colsample_bytree"": 0.5118416625327571, ""learning_rate"": 0.012035245874271227, ""min_child_samples"": 20, ""n_estimators"": 876, ""num_leaves"": 253, ""reg_lambda"": 0.01285657877666946}",COMPLETE
52,0.31591198630484607,2026-10-07 07:13:57.490712,2026-10-07 07:21:35.063779,0 days 00:07:37.573067,0.5545147329095554,0.013976281462576066,25,800,175,0.01472632739907037,"{""colsample_bytree"": 0.5545147329095554, ""learning_rate"": 0.013976281462576066, ""min_child_samples"": 25, ""n_estimators"": 800, ""num_leaves"": 175, ""reg_lambda"": 0.01472632739907037}",COMPLETE
53,0.31577871411757397,2026-10-07 07:21:35.076457,2026-10-07 07:29:22.819575,0 days 00:07:47.743118,0.5000341289072574,0.011714152284661525,34,700,230,0.012327820932603123,"{""colsample_bytree"": 0.5000341289072574, ""learning_rate"": 0.011714152284661525, ""min_child_samples"": 34, ""n_estimators"": 700, ""num_leaves"": 230, ""reg_lambda"": 0.012327820932603123}",COMPLETE
54,0.3159052376897571,2026-10-07 07:29:22.832178,2026-10-07 07:37:52.126660,0 days 00:08:29.294482,0.5179857289480992,0.01338793792074521,25,975,166,0.03791765036782014,"{""colsample_bytree"": 0.5179857289480992, ""learning_rate"": 0.01338793792074521, ""min_child_samples"": 25, ""n_estimators"": 975, ""num_leaves"": 166, ""reg_lambda"": 0.03791765036782014}",COMPLETE
55,0.3156619239826842,2026-10-07 07:37:52.150513,2026-10-07 07:45:17.851082,0 days 00:07:25.700569,0.589258831985587,0.011782455200202173,30,698,173,0.004527278517911392,"{""colsample_bytree"": 0.589258831985587, ""learning_rate"": 0.011782455200202173, ""min_child_samples"": 30, ""n_estimators"": 698, ""num_leaves"": 173, ""reg_lambda"": 0.004527278517911392}",COMPLETE
56,0.31596663050821683,2026-10-07 07:45:17.865068,2026-10-07 07:54:12.592436,0 days 00:08:54.727368,0.5605667026380048,0.012259440588861463,40,937,176,0.004661427229189344,"{""colsample_bytree"": 0.5605667026380048, ""learning_rate"": 0.012259440588861463, ""min_child_samples"": 40, ""n_estimators"": 937, ""num_leaves"": 176, ""reg_lambda"": 0.004661427229189344}",COMPLETE
57,0.3153880565909022,2026-10-07 07:54:12.611866,2026-10-07 08:01:13.395661,0 days 00:07:00.783795,0.5455681017790103,0.01884833973766772,30,887,143,0.005716193321953477,"{""colsample_bytree"": 0.5455681017790103, ""learning_rate"": 0.01884833973766772, ""min_child_samples"": 30, ""n_estimators"": 887, ""num_leaves"": 143, ""reg_lambda"": 0.005716193321953477}",COMPLETE
58,0.31589175032775096,2026-10-07 08:01:13.412435,2026-10-07 08:09:59.935458,0 days 00:08:46.523023,0.536262871578242,0.010325659182313034,48,998,125,0.009923640957973521,"{""colsample_bytree"": 0.536262871578242, ""learning_rate"": 0.010325659182313034, ""min_child_samples"": 48, ""n_estimators"": 998, ""num_leaves"": 125, ""reg_lambda"": 0.009923640957973521}",COMPLETE
59,0.31594598811505215,2026-10-07 08:09:59.952191,2026-10-07 08:19:35.571642,0 days 00:09:35.619451,0.5302446098460609,0.011877842764219023,20,924,237,0.003386453392414265,"{""colsample_bytree"": 0.5302446098460609, ""learning_rate"": 0.011877842764219023, ""min_child_samples"": 20, ""n_estimators"": 924, ""num_leaves"": 237, ""reg_lambda"": 0.003386453392414265}",COMPLETE
60,0.31590820964156663,2026-10-07 08:19:35.585624,2026-10-07 08:28:52.181453,0 days 00:09:16.595829,0.5110383207712297,0.01067999516512918,31,998,170,0.0070826923166029815,"{""colsample_bytree"": 0.5110383207712297, ""learning_rate"": 0.01067999516512918, ""min_child_samples"": 31, ""n_estimators"": 998, ""num_leaves"": 170, ""reg_lambda"": 0.0070826923166029815}",COMPLETE
61,0.31576249002923096,2026-10-07 08:28:52.203549,2026-10-07 08:37:15.805959,0 days 00:08:23.602410,0.5081272920734025,0.013580622519636302,35,840,226,0.03693658424337472,"{""colsample_bytree"": 0.5081272920734025, ""learning_rate"": 0.013580622519636302, ""min_child_samples"": 35, ""n_estimators"": 840, ""num_leaves"": 226, ""reg_lambda"": 0.03693658424337472}",COMPLETE
62,0.315878516190095,2026-10-07 08:37:15.821497,2026-10-07 08:45:44.935681,0 days 00:08:29.114184,0.5124981455115861,0.010458647028640352,50,835,181,0.02854248781781253,"{""colsample_bytree"": 0.5124981455115861, ""learning_rate"": 0.010458647028640352, ""min_child_samples"": 50, ""n_estimators"": 835, ""num_leaves"": 181, ""reg_lambda"": 0.02854248781781253}",COMPLETE
63,0.31596327638319943,2026-10-07 08:45:44.948841,2026-10-07 08:53:39.032934,0 days 00:07:54.084093,0.5106196966035687,0.01128027670136551,20,774,187,0.0435173073317514,"{""colsample_bytree"": 0.5106196966035687, ""learning_rate"": 0.01128027670136551, ""min_child_samples"": 20, ""n_estimators"": 774, ""num_leaves"": 187, ""reg_lambda"": 0.0435173073317514}",COMPLETE
64,0.31600201003734607,2026-10-07 08:53:39.048792,2026-10-07 09:02:56.137067,0 days 00:09:17.088275,0.5462515830977469,0.012402319037481227,50,886,239,0.0042970577692969195,"{""colsample_bytree"": 0.5462515830977469, ""learning_rate"": 0.012402319037481227, ""min_child_samples"": 50, ""n_estimators"": 886, ""num_leaves"": 239, ""reg_lambda"": 0.0042970577692969195}",COMPLETE
65,0.31603131338187784,2026-10-07 09:02:56.161421,2026-10-07 09:11:56.024013,0 days 00:08:59.862592,0.5260937369605447,0.010764715657182195,36,944,164,0.0021518301461474444,"{""colsample_bytree"": 0.5260937369605447, ""learning_rate"": 0.010764715657182195, ""min_child_samples"": 36, ""n_estimators"": 944, ""num_leaves"": 164, ""reg_lambda"": 0.0021518301461474444}",COMPLETE
66,0.31589768360133186,2026-10-07 09:11:56.037365,2026-10-07 09:19:49.566120,0 days 00:07:53.528755,0.5353316660268015,0.010983672019948806,28,819,148,0.03631968087110755,"{""colsample_bytree"": 0.5353316660268015, ""learning_rate"": 0.010983672019948806, ""min_child_samples"": 28, ""n_estimators"": 819, ""num_leaves"": 148, ""reg_lambda"": 0.03631968087110755}",COMPLETE
67,0.3160268528610367,2026-10-07 09:19:49.582618,2026-10-07 09:28:50.005484,0 days 00:09:00.422866,0.5633377890189613,0.012081844416357502,21,990,160,0.003293704385757353,"{""colsample_bytree"": 0.5633377890189613, ""learning_rate"": 0.012081844416357502, ""min_child_samples"": 21, ""n_estimators"": 990, ""num_leaves"": 160, ""reg_lambda"": 0.003293704385757353}",COMPLETE
68,0.3157037650584592,2026-10-07 09:28:50.026873,2026-10-07 09:37:55.810386,0 days 00:09:05.783513,0.5563048361161806,0.014331225977547333,46,901,234,0.059987852354395535,"{""colsample_bytree"": 0.5563048361161806, ""learning_rate"": 0.014331225977547333, ""min_child_samples"": 46, ""n_estimators"": 901, ""num_leaves"": 234, ""reg_lambda"": 0.059987852354395535}",COMPLETE
69,0.3160182947749518,2026-10-07 09:37:55.827833,2026-10-07 09:46:38.920391,0 days 00:08:43.092558,0.5682767615052016,0.012166292552471298,30,959,151,0.011189195489520735,"{""colsample_bytree"": 0.5682767615052016, ""learning_rate"": 0.012166292552471298, ""min_child_samples"": 30, ""n_estimators"": 959, ""num_leaves"": 151, ""reg_lambda"": 0.011189195489520735}",COMPLETE
70,0.31545212990501925,2026-10-07 09:46:38.942537,2026-10-07 09:55:27.234633,0 days 00:08:48.292096,0.5227269242422119,0.01536882901506262,42,949,224,0.011490282407831506,"{""colsample_bytree"": 0.5227269242422119, ""learning_rate"": 0.01536882901506262, ""min_child_samples"": 42, ""n_estimators"": 949, ""num_leaves"": 224, ""reg_lambda"": 0.011490282407831506}",COMPLETE
71,0.3159400191802578,2026-10-07 09:55:27.251350,2026-10-07 10:04:33.606181,0 days 00:09:06.354831,0.5525046792705314,0.01109449994280763,32,808,235,0.005017687219821279,"{""colsample_bytree"": 0.5525046792705314, ""learning_rate"": 0.01109449994280763, ""min_child_samples"": 32, ""n_estimators"": 808, ""num_leaves"": 235, ""reg_lambda"": 0.005017687219821279}",COMPLETE
72,0.3158986015744104,2026-10-07 10:04:33.622505,2026-10-07 10:12:44.397175,0 days 00:08:10.774670,0.5818893415671025,0.011271067996504913,21,814,157,0.010709349639250186,"{""colsample_bytree"": 0.5818893415671025, ""learning_rate"": 0.011271067996504913, ""min_child_samples"": 21, ""n_estimators"": 814, ""num_leaves"": 157, ""reg_lambda"": 0.010709349639250186}",COMPLETE
73,0.31587800377843156,2026-10-07 10:12:44.410963,2026-10-07 10:20:38.278811,0 days 00:07:53.867848,0.5132711318219749,0.012260312052047365,38,816,179,0.0061219216435289305,"{""colsample_bytree"": 0.5132711318219749, ""learning_rate"": 0.012260312052047365, ""min_child_samples"": 38, ""n_estimators"": 816, ""num_leaves"": 179, ""reg_lambda"": 0.0061219216435289305}",COMPLETE
74,0.3159885175081425,2026-10-07 10:20:38.297598,2026-10-07 10:30:15.422744,0 days 00:09:37.125146,0.551309827593602,0.01037034616536492,30,899,211,0.014190136636823962,"{""colsample_bytree"": 0.551309827593602, ""learning_rate"": 0.01037034616536492, ""min_child_samples"": 30, ""n_estimators"": 899, ""num_leaves"": 211, ""reg_lambda"": 0.014190136636823962}",COMPLETE
75,0.31568942589764504,2026-10-07 10:30:15.447631,2026-10-07 10:38:43.776716,0 days 00:08:28.329085,0.5354602420652453,0.013509434384038196,45,850,214,0.0016550942516981896,"{""colsample_bytree"": 0.5354602420652453, ""learning_rate"": 0.013509434384038196, ""min_child_samples"": 45, ""n_estimators"": 850, ""num_leaves"": 214, ""reg_lambda"": 0.0016550942516981896}",COMPLETE
76,0.31588057817063764,2026-10-07 10:38:43.799775,2026-10-07 10:46:05.739173,0 days 00:07:21.939398,0.5459203244940568,0.011663612640002851,32,678,198,0.007384783052234905,"{""colsample_bytree"": 0.5459203244940568, ""learning_rate"": 0.011663612640002851, ""min_child_samples"": 32, ""n_estimators"": 678, ""num_leaves"": 198, ""reg_lambda"": 0.007384783052234905}",COMPLETE
77,0.3159337038446214,2026-10-07 10:46:05.754999,2026-10-07 10:54:52.259293,0 days 00:08:46.504294,0.5358211870947392,0.010194663400821138,20,848,184,0.0020454359415847173,"{""colsample_bytree"": 0.5358211870947392, ""learning_rate"": 0.010194663400821138, ""min_child_samples"": 20, ""n_estimators"": 848, ""num_leaves"": 184, ""reg_lambda"": 0.0020454359415847173}",COMPLETE
78,0.31605747778359905,2026-10-07 10:54:52.274033,2026-10-07 11:02:38.047500,0 days 00:07:45.773467,0.502224956320009,0.01256264365631229,27,850,155,0.01494109421823326,"{""colsample_bytree"": 0.502224956320009, ""learning_rate"": 0.01256264365631229, ""min_child_samples"": 27, ""n_estimators"": 850, ""num_leaves"": 155, ""reg_lambda"": 0.01494109421823326}",COMPLETE
79,0.3157187320158118,2026-10-07 11:02:38.063278,2026-10-07 11:10:18.200514,0 days 00:07:40.137236,0.519233851387382,0.010062515935708524,25,801,139,0.004756440338544205,"{""colsample_bytree"": 0.519233851387382, ""learning_rate"": 0.010062515935708524, ""min_child_samples"": 25, ""n_estimators"": 801, ""num_leaves"": 139, ""reg_lambda"": 0.004756440338544205}",COMPLETE
80,0.3157449214277881,2026-10-07 11:10:18.218645,2026-10-07 11:20:16.144947,0 days 00:09:57.926302,0.5563967437143995,0.010765689038404294,36,962,212,0.00196573647160301,"{""colsample_bytree"": 0.5563967437143995, ""learning_rate"": 0.010765689038404294, ""min_child_samples"": 36, ""n_estimators"": 962, ""num_leaves"": 212, ""reg_lambda"": 0.00196573647160301}",COMPLETE
81,0.31590403258796096,2026-10-07 11:20:16.172339,2026-10-07 11:29:04.378958,0 days 00:08:48.206619,0.5124395284225649,0.01078832638601164,25,873,193,0.0040464242990467855,"{""colsample_bytree"": 0.5124395284225649, ""learning_rate"": 0.01078832638601164, ""min_child_samples"": 25, ""n_estimators"": 873, ""num_leaves"": 193, ""reg_lambda"": 0.0040464242990467855}",COMPLETE
82,0.31608906526095004,2026-10-07 11:29:04.395828,2026-10-07 11:37:26.523920,0 days 00:08:22.128092,0.5209740686603545,0.010579605731350045,20,946,132,0.002429336089311175,"{""colsample_bytree"": 0.5209740686603545, ""learning_rate"": 0.010579605731350045, ""min_child_samples"": 20, ""n_estimators"": 946, ""num_leaves"": 132, ""reg_lambda"": 0.002429336089311175}",COMPLETE
83,0.31577367294692915,2026-10-07 11:37:26.556023,2026-10-07 11:44:58.444390,0 days 00:07:31.888367,0.5023798996952663,0.01116740040540119,32,768,157,0.011778405718398773,"{""colsample_bytree"": 0.5023798996952663, ""learning_rate"": 0.01116740040540119, ""min_child_samples"": 32, ""n_estimators"": 768, ""num_leaves"": 157, ""reg_lambda"": 0.011778405718398773}",COMPLETE
84,0.31571142611989167,2026-10-07 11:44:58.467729,2026-10-07 11:52:31.258892,0 days 00:07:32.791163,0.5296453233403926,0.013151553420020813,20,707,217,0.00809340616158795,"{""colsample_bytree"": 0.5296453233403926, ""learning_rate"": 0.013151553420020813, ""min_child_samples"": 20, ""n_estimators"": 707, ""num_leaves"": 217, ""reg_lambda"": 0.00809340616158795}",COMPLETE
85,0.3158081066462053,2026-10-07 11:52:31.276142,2026-10-07 12:01:11.486909,0 days 00:08:40.210767,0.5024492903031633,0.010977982594309875,23,915,168,0.001437638785578263,"{""colsample_bytree"": 0.5024492903031633, ""learning_rate"": 0.010977982594309875, ""min_child_samples"": 23, ""n_estimators"": 915, ""num_leaves"": 168, ""reg_lambda"": 0.001437638785578263}",COMPLETE
86,0.3156702681105824,2026-10-07 12:01:11.513684,2026-10-07 12:09:23.698719,0 days 00:08:12.185035,0.5283513630018507,0.013174808786028301,46,967,138,0.009275789599769355,"{""colsample_bytree"": 0.5283513630018507, ""learning_rate"": 0.013174808786028301, ""min_child_samples"": 46, ""n_estimators"": 967, ""num_leaves"": 138, ""reg_lambda"": 0.009275789599769355}",COMPLETE
87,0.31566477984302077,2026-10-07 12:09:23.721600,2026-10-07 12:19:00.856892,0 days 00:09:37.135292,0.5335899965200269,0.012645048861188312,34,983,220,0.017203713775912094,"{""colsample_bytree"": 0.5335899965200269, ""learning_rate"": 0.012645048861188312, ""min_child_samples"": 34, ""n_estimators"": 983, ""num_leaves"": 220, ""reg_lambda"": 0.017203713775912094}",COMPLETE
88,0.31579452095685956,2026-10-07 12:19:00.876328,2026-10-07 12:28:14.087833,0 days 00:09:13.211505,0.505775808241927,0.011059691764250425,32,854,238,0.009150423940697042,"{""colsample_bytree"": 0.505775808241927, ""learning_rate"": 0.011059691764250425, ""min_child_samples"": 32, ""n_estimators"": 854, ""num_leaves"": 238, ""reg_lambda"": 0.009150423940697042}",COMPLETE
89,0.31597947951979444,2026-10-07 12:28:14.107471,2026-10-07 12:37:11.306410,0 days 00:08:57.198939,0.5522908512653442,0.010712236214783368,20,843,197,0.007233021202341219,"{""colsample_bytree"": 0.5522908512653442, ""learning_rate"": 0.010712236214783368, ""min_child_samples"": 20, ""n_estimators"": 843, ""num_leaves"": 197, ""reg_lambda"": 0.007233021202341219}",COMPLETE
90,0.3160580058091489,2026-10-07 12:37:11.324160,2026-10-07 12:45:42.339830,0 days 00:08:31.015670,0.5279245443984046,0.010737902069720433,42,812,190,0.0018940664724948295,"{""colsample_bytree"": 0.5279245443984046, ""learning_rate"": 0.010737902069720433, ""min_child_samples"": 42, ""n_estimators"": 812, ""num_leaves"": 190, ""reg_lambda"": 0.0018940664724948295}",COMPLETE
91,0.3159262213659373,2026-10-07 12:45:42.356286,2026-10-07 12:53:04.814342,0 days 00:07:22.458056,0.5491069266836553,0.011686344112254322,37,760,148,0.004287301672047246,"{""colsample_bytree"": 0.5491069266836553, ""learning_rate"": 0.011686344112254322, ""min_child_samples"": 37, ""n_estimators"": 760, ""num_leaves"": 148, ""reg_lambda"": 0.004287301672047246}",COMPLETE
92,0.3157182379040915,2026-10-07 12:53:04.840679,2026-10-07 13:02:10.926887,0 days 00:09:06.086208,0.5368733630114348,0.012518501469655227,30,919,208,0.006599967596304314,"{""colsample_bytree"": 0.5368733630114348, ""learning_rate"": 0.012518501469655227, ""min_child_samples"": 30, ""n_estimators"": 919, ""num_leaves"": 208, ""reg_lambda"": 0.006599967596304314}",COMPLETE
93,0.31579172231259933,2026-10-07 13:02:10.957020,2026-10-07 13:10:07.050033,0 days 00:07:56.093013,0.5056021964382312,0.015692525506950817,29,983,150,0.004668150014649153,"{""colsample_bytree"": 0.5056021964382312, ""learning_rate"": 0.015692525506950817, ""min_child_samples"": 29, ""n_estimators"": 983, ""num_leaves"": 150, ""reg_lambda"": 0.004668150014649153}",COMPLETE
94,0.31598590068022236,2026-10-07 13:10:07.079132,2026-10-07 13:18:37.926590,0 days 00:08:30.847458,0.5460573173411263,0.011823107542382229,26,759,244,0.0017674164138914877,"{""colsample_bytree"": 0.5460573173411263, ""learning_rate"": 0.011823107542382229, ""min_child_samples"": 26, ""n_estimators"": 759, ""num_leaves"": 244, ""reg_lambda"": 0.0017674164138914877}",COMPLETE
95,0.3161277844086178,2026-10-07 13:18:37.944665,2026-10-07 13:26:45.571491,0 days 00:08:07.626826,0.5073708722137007,0.011732148300906063,22,836,177,0.00860611928218226,"{""colsample_bytree"": 0.5073708722137007, ""learning_rate"": 0.011732148300906063, ""min_child_samples"": 22, ""n_estimators"": 836, ""num_leaves"": 177, ""reg_lambda"": 0.00860611928218226}",COMPLETE
96,0.31600056400290244,2026-10-07 13:26:45.589406,2026-10-07 13:35:05.106882,0 days 00:08:19.517476,0.5222678516355488,0.011968833002606896,24,788,221,0.016729273846323563,"{""colsample_bytree"": 0.5222678516355488, ""learning_rate"": 0.011968833002606896, ""min_child_samples"": 24, ""n_estimators"": 788, ""num_leaves"": 221, ""reg_lambda"": 0.016729273846323563}",COMPLETE
97,0.3158810481322747,2026-10-07 13:35:05.141632,2026-10-07 13:43:11.276202,0 days 00:08:06.134570,0.5247468017814613,0.011375373808884336,25,871,152,0.00835008767287255,"{""colsample_bytree"": 0.5247468017814613, ""learning_rate"": 0.011375373808884336, ""min_child_samples"": 25, ""n_estimators"": 871, ""num_leaves"": 152, ""reg_lambda"": 0.00835008767287255}",COMPLETE
98,0.31571181661676007,2026-10-07 13:43:11.300383,2026-10-07 13:52:04.445372,0 days 00:08:53.144989,0.5438285481764757,0.014599757444247536,28,953,211,0.003124484774793444,"{""colsample_bytree"": 0.5438285481764757, ""learning_rate"": 0.014599757444247536, ""min_child_samples"": 28, ""n_estimators"": 953, ""num_leaves"": 211, ""reg_lambda"": 0.003124484774793444}",COMPLETE
99,0.3157959521509469,2026-10-07 13:52:04.466740,2026-10-07 14:02:03.864939,0 days 00:09:59.398199,0.5526677348689264,0.010287640990989283,25,982,193,0.004335469167619867,"{""colsample_bytree"": 0.5526677348689264, ""learning_rate"": 0.010287640990989283, ""min_child_samples"": 25, ""n_estimators"": 982, ""num_leaves"": 193, ""reg_lambda"": 0.004335469167619867}",COMPLETE
